{
    "LightDataArray": [
        {
            "sinAngularRadius": 0.004625000059604645,
            "cosAngularRadius": 1.8631353378295899,
            "specularPower": 80.0,
            "lightIlluminance": 0.14805200695991517,
            "lightFlux": 82.36172485351563,
            "Color": [
                0.003921568859368563,
                0.003921568859368563,
                0.003921568859368563,
                1.0
            ],
            "Near": 0.10000000149011612,
            "Far": 6.45270299911499,
            "Projparams": [
                15.0,
                15.0,
                0.10000000149011612,
                6.45270299911499
            ],
            "PointRadius": 0.7110946178436279,
            "Direction": [
                1550.279052734375,
                246.6076202392578,
                53.39022445678711
            ],
            "Lradiance": [
                1.0,
                1.0,
                1.0
            ],
            "Position": [
                -2.9721720218658449,
                3.494969367980957,
                31.710113525390626,
                0.0
            ],
            "shadowmin": 0.0,
            "shadowdepthbias": 0.0005000000237487257,
            "ShadowMapSize": 4096.0,
            "Type": "Directional"
        }
    ]
}