{
    "LightDataArray": [
        {
            "sinAngularRadius": 0.004625000059604645,
            "cosAngularRadius": 1.8631353378295899,
            "specularPower": 80.0,
            "lightIlluminance": 0.14805200695991517,
            "lightFlux": 82.36172485351563,
            "Color": [
                0.003921568859368563,
                0.003921568859368563,
                0.003921568859368563,
                1.0
            ],
            "Near": 0.10000000149011612,
            "Far": 8.0,
            "Projparams": [
                25.0,
                20.0,
                0.10000000149011612,
                8.0
            ],
            "PointRadius": 0.7110946178436279,
            "Direction": [
                1550.279052734375,
                246.6076202392578,
                53.39022445678711
            ],
            "Lradiance": [
                1.0,
                1.0,
                1.0
            ],
            "Position": [
                -6.502786159515381,
                4.415132522583008,
                46.22460174560547,
                0.0
            ],
            "shadowmin": 0.0,
            "shadowdepthbias": 0.0010000000474974514,
            "ShadowMapSize": 4096.0,
            "Type": "Directional"
        }
    ]
}