{
    "LightDataArray": [
        {
            "sinAngularRadius": 0.004625000059604645,
            "cosAngularRadius": 1.8631353378295899,
            "specularPower": 80.0,
            "lightIlluminance": 1.7058513164520264,
            "lightFlux": 82.36172485351563,
            "Color": [
                1.0,
                0.9343629479408264,
                0.9343629479408264,
                1.0
            ],
            "Near": 0.000009999999747378752,
            "Far": 8.0,
            "Projparams": [
                12.0,
                12.0,
                0.000009999999747378752,
                8.0
            ],
            "PointRadius": 0.7110946178436279,
            "Direction": [
                1549.05078125,
                246.6076202392578,
                55.40724563598633
            ],
            "Lradiance": [
                1.2029486894607545,
                1.3933000564575196,
                1.5233162641525269
            ],
            "Position": [
                -41.207000732421878,
                5.380000114440918,
                31.04599952697754,
                0.0
            ],
            "shadowmin": 0.0,
            "shadowdepthbias": 0.000009999999747378752,
            "ShadowMapSize": 2048.0,
            "Type": "Directional"
        }
    ]
}