{
    "LightDataArray": [
        {
            "sinAngularRadius": 0.004625000059604645,
            "cosAngularRadius": 1.8631353378295899,
            "specularPower": 80.0,
            "lightIlluminance": 1.7058513164520264,
            "lightFlux": 5.0,
            "Color": [
                1.0,
                0.9343629479408264,
                0.9343629479408264,
                1.0
            ],
            "Near": 0.000009999999747378752,
            "Far": 8.0,
            "Projparams": [
                10.0,
                10.0,
                0.000009999999747378752,
                8.0
            ],
            "PointRadius": 0.7110946178436279,
            "Direction": [
                112.87815856933594,
                0.0,
                0.0
            ],
            "Lradiance": [
                1.2029486894607545,
                1.3933000564575196,
                1.5233162641525269
            ],
            "Position": [
                -37.68199920654297,
                4.848999977111816,
                32.946998596191409,
                0.0
            ],
            "shadowmin": 0.0,
            "shadowdepthbias": 0.00009999999747378752,
            "ShadowMapSize": 2048.0,
            "Type": "Directional"
        }
    ]
}