{
    "LightDataArray": [
        {
            "sinAngularRadius": 0.004625000059604645,
            "cosAngularRadius": 0.9999889731407166,
            "specularPower": 80.0,
            "lightIlluminance": 1.1682791709899903,
            "lightFlux": 0.0,
            "Color": [
                0.9559735059738159,
                0.9559735059738159,
                0.9559735059738159,
                1.0
            ],
            "Near": 0.009999999776482582,
            "Far": 10.0,
            "Projparams": [
                30.0,
                30.0,
                0.009999999776482582,
                10.0
            ],
            "PointRadius": 0.7110946178436279,
            "Direction": [
                1546.435546875,
                246.6076202392578,
                58.47667694091797
            ],
            "Lradiance": [
                1.0,
                1.0,
                1.0
            ],
            "Position": [
                -1.0,
                4.979423522949219,
                -0.029999999329447748,
                0.0
            ],
            "shadowmin": 0.029999999329447748,
            "shadowdepthbias": 0.10000000149011612,
            "ShadowMapSize": 0.0,
            "Type": "Directional"
        },
        {
            "sinAngularRadius": 0.004625000059604645,
            "cosAngularRadius": 0.9999889731407166,
            "specularPower": 80.0,
            "lightIlluminance": 1.5,
            "lightFlux": 0.009999999776482582,
            "Color": [
                0.6370656490325928,
                0.8228633999824524,
                1.0,
                1.0
            ],
            "Near": 0.10000000149011612,
            "Far": 0.4000000059604645,
            "Projparams": [
                0.0,
                0.0,
                0.10000000149011612,
                0.4000000059604645
            ],
            "PointRadius": 1.100000023841858,
            "Direction": [
                0.0,
                0.0,
                0.0
            ],
            "Lradiance": [
                1.0,
                1.0,
                1.0
            ],
            "Position": [
                -11.0,
                -3.0,
                32.68000030517578,
                1.0
            ],
            "shadowmin": 0.30000001192092898,
            "shadowdepthbias": 0.000009999999747378752,
            "ShadowMapSize": 1024.0,
            "Type": "Point"
        },
        {
            "sinAngularRadius": 0.004625000059604645,
            "cosAngularRadius": 0.9999889731407166,
            "specularPower": 80.0,
            "lightIlluminance": 1.5,
            "lightFlux": 0.009999999776482582,
            "Color": [
                0.7065637111663818,
                0.8470524549484253,
                1.0,
                1.0
            ],
            "Near": 0.10000000149011612,
            "Far": 0.5,
            "Projparams": [
                0.0,
                0.0,
                0.10000000149011612,
                0.5
            ],
            "PointRadius": 1.100000023841858,
            "Direction": [
                0.0,
                0.0,
                0.0
            ],
            "Lradiance": [
                1.0,
                1.0,
                1.0
            ],
            "Position": [
                -12.199999809265137,
                -3.0,
                32.68000030517578,
                1.0
            ],
            "shadowmin": 0.30000001192092898,
            "shadowdepthbias": 0.000009999999747378752,
            "ShadowMapSize": 1024.0,
            "Type": "Point"
        },
        {
            "sinAngularRadius": 0.004625000059604645,
            "cosAngularRadius": 0.9999889731407166,
            "specularPower": 80.0,
            "lightIlluminance": 1.5,
            "lightFlux": 0.003000000026077032,
            "Color": [
                1.0,
                0.6981956362724304,
                0.24324321746826173,
                1.0
            ],
            "Near": 0.009999999776482582,
            "Far": 0.5,
            "Projparams": [
                0.0,
                0.0,
                0.009999999776482582,
                0.5
            ],
            "PointRadius": 10.0,
            "Direction": [
                0.0,
                0.0,
                0.0
            ],
            "Lradiance": [
                1.0,
                1.0,
                1.0
            ],
            "Position": [
                -13.479999542236329,
                -3.0,
                33.29999923706055,
                1.0
            ],
            "shadowmin": 0.029999999329447748,
            "shadowdepthbias": 0.000009999999747378752,
            "ShadowMapSize": 1024.0,
            "Type": "Point"
        },
        {
            "sinAngularRadius": 0.004625000059604645,
            "cosAngularRadius": 0.9999889731407166,
            "specularPower": 80.0,
            "lightIlluminance": 1.5,
            "lightFlux": 0.019999999552965165,
            "Color": [
                0.5057915449142456,
                0.7469835877418518,
                1.0,
                1.0
            ],
            "Near": 0.10000000149011612,
            "Far": 0.5,
            "Projparams": [
                0.0,
                0.0,
                0.10000000149011612,
                0.5
            ],
            "PointRadius": 10.0,
            "Direction": [
                0.0,
                0.0,
                0.0
            ],
            "Lradiance": [
                1.0,
                1.0,
                1.0
            ],
            "Position": [
                -14.0,
                -2.569999933242798,
                36.5,
                1.0
            ],
            "shadowmin": 0.029999999329447748,
            "shadowdepthbias": 0.000009999999747378752,
            "ShadowMapSize": 1024.0,
            "Type": "Point"
        },
        {
            "sinAngularRadius": 0.004625000059604645,
            "cosAngularRadius": 0.9999889731407166,
            "specularPower": 80.0,
            "lightIlluminance": 1.5,
            "lightFlux": 0.019999999552965165,
            "Color": [
                0.4749034643173218,
                0.8593586683273315,
                1.0,
                1.0
            ],
            "Near": 0.10000000149011612,
            "Far": 0.5,
            "Projparams": [
                0.0,
                0.0,
                0.10000000149011612,
                0.5
            ],
            "PointRadius": 4.5,
            "Direction": [
                0.0,
                0.0,
                0.0
            ],
            "Lradiance": [
                1.0,
                1.0,
                1.0
            ],
            "Position": [
                -18.0,
                -2.5,
                36.5,
                1.0
            ],
            "shadowmin": 0.029999999329447748,
            "shadowdepthbias": 0.000009999999747378752,
            "ShadowMapSize": 1024.0,
            "Type": "Point"
        },
        {
            "sinAngularRadius": 0.004625000059604645,
            "cosAngularRadius": 0.9999889731407166,
            "specularPower": 80.0,
            "lightIlluminance": 1.5,
            "lightFlux": 0.014999999664723874,
            "Color": [
                0.4903475046157837,
                0.8635101318359375,
                1.0,
                1.0
            ],
            "Near": 0.10000000149011612,
            "Far": 0.5,
            "Projparams": [
                0.0,
                0.0,
                0.10000000149011612,
                0.5
            ],
            "PointRadius": 5.0,
            "Direction": [
                0.0,
                0.0,
                0.0
            ],
            "Lradiance": [
                1.0,
                1.0,
                1.0
            ],