{
    "LightDataArray": [
        {
            "sinAngularRadius": 0.004625000059604645,
            "cosAngularRadius": 0.9999889731407166,
            "specularPower": 80.0,
            "lightIlluminance": 1.1629611253738404,
            "lightFlux": 64.79603576660156,
            "Color": [
                1.0,
                0.9999899864196777,
                0.9999899864196777,
                1.0
            ],
            "Near": -1.2583503723144532,
            "Far": 90.80297088623047,
            "Projparams": [
                46.0487174987793,
                50.23581314086914,
                -1.2583503723144532,
                90.80297088623047
            ],
            "PointRadius": 9.790789604187012,
            "Direction": [
                71.0,
                -2.0,
                -83.0
            ],
            "Position": [
                -9.0,
                105.0,
                -22.0,
                0.0
            ],
            "shadowmin": 0.0,
            "shadowdepthbias": 0.0,
            "ShadowMapSize": 2048.0,
            "Type": "Directional"
        },
        {
            "sinAngularRadius": 0.004625000059604645,
            "cosAngularRadius": 0.9999889731407166,
            "specularPower": 80.0,
            "lightIlluminance": 1.5,
            "lightFlux": 30.53853988647461,
            "Color": [
                1.0,
                1.0,
                1.0,
                1.0
            ],
            "Near": 0.10000000149011612,
            "Far": 26.074832916259767,
            "Projparams": [
                0.0,
                0.0,
                0.10000000149011612,
                26.074832916259767
            ],
            "PointRadius": 7.362279415130615,
            "Direction": [
                0.0,
                0.0,
                0.0
            ],
            "Position": [
                -10.582972526550293,
                45.03765869140625,
                -7.374451160430908,
                1.0
            ],
            "shadowmin": 0.0,
            "shadowdepthbias": 0.0,
            "ShadowMapSize": 0.0,
            "Type": "Point"
        },
        {
            "sinAngularRadius": 0.004625000059604645,
            "cosAngularRadius": 0.9999889731407166,
            "specularPower": 80.0,
            "lightIlluminance": 1.5,
            "lightFlux": 137.8335723876953,
            "Color": [
                1.0,
                1.0,
                1.0,
                1.0
            ],
            "Near": 0.10000000149011612,
            "Far": 10.0,
            "Projparams": [
                0.0,
                0.0,
                0.10000000149011612,
                10.0
            ],
            "PointRadius": 26.413936614990236,
            "Direction": [
                0.0,
                0.0,
                0.0
            ],
            "Position": [
                1.9964410066604615,
                45.188114166259769,
                -7.16400146484375,
                1.0
            ],
            "shadowmin": 0.0,
            "shadowdepthbias": 0.0,
            "ShadowMapSize": 0.0,
            "Type": "Point"
        },
        {
            "sinAngularRadius": 0.004625000059604645,
            "cosAngularRadius": 0.9999889731407166,
            "specularPower": 80.0,
            "lightIlluminance": 1.5,
            "lightFlux": 2000.0,
            "Color": [
                1.0,
                1.0,
                1.0,
                1.0
            ],
            "Near": 0.10000000149011612,
            "Far": 10.0,
            "Projparams": [
                0.0,
                0.0,
                0.10000000149011612,
                10.0
            ],
            "PointRadius": 60.19685745239258,
            "Direction": [
                0.0,
                0.0,
                0.0
            ],
            "Position": [
                -3.2606825828552248,
                37.24009704589844,
                1.6826001405715943,
                1.0
            ],
            "shadowmin": 0.0,
            "shadowdepthbias": 0.0,
            "ShadowMapSize": 0.0,
            "Type": "Point"
        }
    ]
}