{
    "LightDataArray": [
        {
            "sinAngularRadius": 0.004625000059604645,
            "cosAngularRadius": 0.9999889731407166,
            "specularPower": 80.0,
            "lightIlluminance": 1.5,
            "lightFlux": 2000.0,
            "Color": [
                1.0,
                1.0,
                1.0,
                1.0
            ],
            "Near": 1.592020034790039,
            "Far": 18.749622344970704,
            "Projparams": [
                38.70228576660156,
                0.6546899676322937,
                1.592020034790039,
                18.749622344970704
            ],
            "PointRadius": 36.65062713623047,
            "Direction": [
                0.0,
                0.0,
                0.0
            ],
            "Position": [
                7.307329177856445,
                44.88909912109375,
                -0.9664121270179749,
                1.0
            ],
            "shadowmin": 0.0,
            "shadowdepthbias": 0.0,
            "ShadowMapSize": 1024.0,
            "Type": "Point"
        }
    ]
}