{
    "LightDataArray": [
        {
            "sinAngularRadius": 0.004625000059604645,
            "cosAngularRadius": 0.9999889731407166,
            "specularPower": 80.0,
            "lightIlluminance": 1.1682791709899903,
            "lightFlux": 1.0,
            "Color": [
                0.9559735059738159,
                0.9559735059738159,
                0.9559735059738159,
                1.0
            ],
            "Near": 0.009999999776482582,
            "Far": 10.0,
            "Projparams": [
                30.0,
                30.0,
                0.009999999776482582,
                10.0
            ],
            "PointRadius": 7.152094841003418,
            "Direction": [
                1546.435546875,
                246.6076202392578,
                58.47667694091797
            ],
            "Lradiance": [
                1.0,
                1.0,
                1.0
            ],
            "Position": [
                -1.0,
                4.599999904632568,
                -0.029999999329447748,
                0.0
            ],
            "shadowmin": 0.10000000149011612,
            "shadowdepthbias": 0.10000000149011612,
            "ShadowMapSize": 2048.0,
            "Type": "Directional"
        }
    ]
}