{
    "LightDataArray": [
      {
        "sinAngularRadius": 0.004625000059604645,
        "cosAngularRadius": 0.9999889731407166,
        "specularPower": 80.0,
        "lightIlluminance": 1.1682791709899903,
        "lightFlux": 10.0,
        "Color": [
          0.9559735059738159,
          0.9559735059738159,
          0.9559735059738159,
          1.0
        ],
        "Near": 0.009999999776482582,
        "Far": 48.14125061035156,
        "Projparams": [
          44.645503997802737,
          36.594696044921878,
          0.009999999776482582,
          48.14125061035156
        ],
        "PointRadius": 7.152094841003418,
        "Direction": [
          1564.253662109375,
          246.6076202392578,
          58.47667694091797
        ],
        "Lradiance": [
          1.0,
          1.0,
          1.0
        ],
        "Position": [
          -10.120000839233399,
          77.3610610961914,
          -2.5659987926483156,
          0.0
        ],
        "shadowmin": 0.0,
        "shadowdepthbias": 0.0,
        "ShadowMapSize": 2048.0,
        "Type": "Directional"
      }
    ]
}