{
    "LightDataArray": [
        {
            "sinAngularRadius": 0.004625000059604645,
            "cosAngularRadius": 0.9999889731407166,
            "specularPower": 80.0,
            "lightIlluminance": 1.1682791709899903,
            "lightFlux": 0.0010000000474974514,
            "Color": [
                1.0,
                0.9999899864196777,
                0.9999899864196777,
                1.0
            ],
            "Near": 0.009999999776482582,
            "Far": 10.0,
            "Projparams": [
                30.0,
                30.0,
                0.009999999776482582,
                10.0
            ],
            "PointRadius": 0.7110946178436279,
            "Direction": [
                1546.435546875,
                246.6076202392578,
                58.47667694091797
            ],
            "Lradiance": [
                1.0,
                1.0,
                1.0
            ],
            "Position": [
                -1.0,
                4.979423522949219,
                -0.029999999329447748,
                0.0
            ],
            "shadowmin": 0.10000000149011612,
            "shadowdepthbias": 0.10000000149011612,
            "ShadowMapSize": 2048.0,
            "Type": "Directional"
        },
        {
            "sinAngularRadius": 0.004625000059604645,
            "cosAngularRadius": 0.9999889731407166,
            "specularPower": 80.0,
            "lightIlluminance": 1.5,
            "lightFlux": 0.009886294603347779,
            "Color": [
                0.969111979007721,
                0.4224851131439209,
                0.06735140085220337,
                1.0
            ],
            "Near": 0.10000000149011612,
            "Far": 10.0,
            "Projparams": [
                0.0,
                0.0,
                0.10000000149011612,
                10.0
            ],
            "PointRadius": 2.5654051303863527,
            "Direction": [
                0.0,
                0.0,
                0.0
            ],
            "Lradiance": [
                1.0,
                1.0,
                1.0
            ],
            "Position": [
                -5.16209602355957,
                0.3598697781562805,
                -4.089089393615723,
                1.0
            ],
            "shadowmin": 0.0,
            "shadowdepthbias": 0.0,
            "ShadowMapSize": 0.0,
            "Type": "Point"
        },
        {
            "sinAngularRadius": 0.004625000059604645,
            "cosAngularRadius": 0.9999889731407166,
            "specularPower": 80.0,
            "lightIlluminance": 1.5,
            "lightFlux": 0.008280000649392605,
            "Color": [
                0.8339768648147583,
                0.47720927000045779,
                0.10303962975740433,
                1.0
            ],
            "Near": 0.10000000149011612,
            "Far": 0.6703554391860962,
            "Projparams": [
                0.0,
                0.0,
                0.10000000149011612,
                0.6703554391860962
            ],
            "PointRadius": 3.130127191543579,
            "Direction": [
                0.0,
                0.0,
                0.0
            ],
            "Lradiance": [
                1.0,
                1.0,
                1.0
            ],
            "Position": [
                -3.1931536197662355,
                0.49945688247680666,
                -5.520660400390625,
                1.0
            ],
            "shadowmin": 0.0,
            "shadowdepthbias": 0.0,
            "ShadowMapSize": 0.0,
            "Type": "Point"
        },
        {
            "sinAngularRadius": 0.004625000059604645,
            "cosAngularRadius": 0.9999889731407166,
            "specularPower": 80.0,
            "lightIlluminance": 1.5,
            "lightFlux": 0.0008789993007667363,
            "Color": [
                0.8996139168739319,
                0.43562382459640505,
                0.10420238971710205,
                1.0
            ],
            "Near": 0.10000000149011612,
            "Far": 10.0,
            "Projparams": [
                0.0,
                0.0,
                0.10000000149011612,
                10.0
            ],
            "PointRadius": 0.5907925367355347,
            "Direction": [
                0.0,
                0.0,
                0.0
            ],
            "Lradiance": [
                1.0,
                1.0,
                1.0
            ],
            "Position": [
                -2.279911756515503,
                0.47327059507369997,
                -4.060857772827148,
                1.0
            ],
            "shadowmin": 0.0,
            "shadowdepthbias": 0.0,
            "ShadowMapSize": 0.0,
            "Type": "Point"
        },
        {
            "sinAngularRadius": 0.004625000059604645,
            "cosAngularRadius": 0.9999889731407166,
            "specularPower": 80.0,
            "lightIlluminance": 1.5,
            "lightFlux": 0.009135999716818333,
            "Color": [
                1.0,
                1.0,
                1.0,
                1.0
            ],
            "Near": 0.10000000149011612,
            "Far": 3.6214470863342287,
            "Projparams": [
                0.0,
                0.0,
                0.10000000149011612,
                3.6214470863342287
            ],
            "PointRadius": 0.6250241994857788,
            "Direction": [
                0.0,
                0.0,
                0.0
            ],
            "Lradiance": [
                1.0,
                1.0,
                1.0
            ],
            "Position": [
                -0.681810736656189,
                -0.011454462073743344,
                -4.630081653594971,
                1.0
            ],
            "shadowmin": 0.0,
            "shadowdepthbias": 0.0,
            "ShadowMapSize": 0.0,
            "Type": "Point"
        },
        {
            "sinAngularRadius": 0.004625000059604645,
            "cosAngularRadius": 0.9999889731407166,
            "specularPower": 80.0,
            "lightIlluminance": 1.5,
            "lightFlux": 0.0020000000949949028,
            "Color": [
                0.7799227833747864,
                0.39529237151145937,
                0.06323698908090592,
                1.0
            ],
            "Near": 0.10000000149011612,
            "Far": 1.0,
            "Projparams": [
                0.0,
                0.0,
                0.10000000149011612,
                1.0
            ],
            "PointRadius": 4.0,
            "Direction": [
                0.0,
                0.0,
                0.0
            ],
            "Lradiance": [
                1.0,
                1.0,
                1.0
            ],
            "Position": [
                0.6040111780166626,
                0.14664602279663087,
                -2.830181360244751,
                1.0
            ],
            "shadowmin": 0.0,
            "shadowdepthbias": 0.0,
            "ShadowMapSize": 0.0,
            "Type": "Point"
        },
        {
            "sinAngularRadius": 0.004625000059604645,
            "cosAngularRadius": 0.9999889731407166,
            "specularPower": 80.0,
            "lightIlluminance": 1.5,
            "lightFlux": 0.009999999776482582,
            "Color": [
                0.8223938345909119,
                0.555377185344696,
                0.2508459985256195,
                1.0
            ],
            "Near": 0.10000000149011612,
            "Far": 2.0,
            "Projparams": [
                0.0,
                0.0,
                0.10000000149011612,
                2.0
            ],
            "PointRadius": 2.7505905628204347,
            "Direction": [
                0.0,
                0.0,
                0.0
            ],