{
    "LightDataArray": [
        {
            "sinAngularRadius": 0.004625000059604645,
            "cosAngularRadius": 0.9999889731407166,
            "specularPower": 80.0,
            "lightIlluminance": 1.1682791709899903,
            "lightFlux": 0.0020000000949949028,
            "Color": [
                1.0,
                0.9343629479408264,
                0.9343629479408264,
                1.0
            ],
            "Near": 0.000009999999747378752,
            "Far": 8.0,
            "Projparams": [
                20.0,
                20.0,
                0.000009999999747378752,
                8.0
            ],
            "PointRadius": 0.7110946178436279,
            "Direction": [
                1550.279052734375,
                246.6076202392578,
                53.39022445678711
            ],
            "Lradiance": [
                1.0,
                1.0,
                1.0
            ],
            "Position": [
                -0.004886075854301453,
                4.022050380706787,
                -0.029999999329447748,
                0.0
            ],
            "shadowmin": 0.0,
            "shadowdepthbias": 0.000009999999747378752,
            "ShadowMapSize": 4096.0,
            "Type": "Directional"
        },
        {
            "sinAngularRadius": 0.004625000059604645,
            "cosAngularRadius": 0.9999889731407166,
            "specularPower": 80.0,
            "lightIlluminance": 1.5,
            "lightFlux": 1.0,
            "Color": [
                1.0,
                0.6541182994842529,
                0.3243243098258972,
                1.0
            ],
            "Near": 0.005740020424127579,
            "Far": 3.0,
            "Projparams": [
                0.0,
                0.0,
                0.005740020424127579,
                3.0
            ],
            "PointRadius": 3.1636178493499758,
            "Direction": [
                0.0,
                0.0,
                0.0
            ],
            "Lradiance": [
                1.0,
                1.0,
                1.0
            ],
            "Position": [
                -3.5399999618530275,
                1.251700520515442,
                9.3790864944458,
                1.0
            ],
            "shadowmin": 0.0,
            "shadowdepthbias": 0.000009999999747378752,
            "ShadowMapSize": 1024.0,
            "Type": "Point"
        },
        {
            "sinAngularRadius": 0.004625000059604645,
            "cosAngularRadius": 0.9999889731407166,
            "specularPower": 80.0,
            "lightIlluminance": 1.5,
            "lightFlux": 10.0,
            "Color": [
                0.2509652376174927,
                0.29724305868148806,
                1.0,
                1.0
            ],
            "Near": 0.0010000000474974514,
            "Far": 3.0,
            "Projparams": [
                0.0,
                0.0,
                0.0010000000474974514,
                3.0
            ],
            "PointRadius": 3.0,
            "Direction": [
                0.0,
                0.0,
                0.0
            ],
            "Lradiance": [
                1.0,
                1.0,
                1.0
            ],
            "Position": [
                -2.768228054046631,
                0.29569151997566225,
                8.062684059143067,
                1.0
            ],
            "shadowmin": 0.0,
            "shadowdepthbias": 0.000009999999747378752,
            "ShadowMapSize": 1024.0,
            "Type": "Point"
        },
        {
            "sinAngularRadius": 0.004625000059604645,
            "cosAngularRadius": 0.9999889731407166,
            "specularPower": 80.0,
            "lightIlluminance": 1.5,
            "lightFlux": 3.0,
            "Color": [
                1.0,
                0.3899613618850708,
                0.3899613618850708,
                1.0
            ],
            "Near": 0.10000000149011612,
            "Far": 3.0,
            "Projparams": [
                0.0,
                0.0,
                0.10000000149011612,
                3.0
            ],
            "PointRadius": 3.0,
            "Direction": [
                0.0,
                0.0,
                0.0
            ],
            "Lradiance": [
                1.0,
                1.0,
                1.0
            ],
            "Position": [
                -4.619423866271973,
                0.3813282251358032,
                7.509073734283447,
                1.0
            ],
            "shadowmin": 0.0,
            "shadowdepthbias": 0.000009999999747378752,
            "ShadowMapSize": 1024.0,
            "Type": "Point"
        },
        {
            "sinAngularRadius": 0.004625000059604645,
            "cosAngularRadius": 0.9999889731407166,
            "specularPower": 80.0,
            "lightIlluminance": 1.5,
            "lightFlux": 0.10000000149011612,
            "Color": [
                0.4967823028564453,
                1.0,
                0.37837839126586916,
                1.0
            ],
            "Near": 0.009999999776482582,
            "Far": 3.0,
            "Projparams": [
                0.0,
                0.0,
                0.009999999776482582,
                3.0
            ],
            "PointRadius": 3.0,
            "Direction": [
                0.0,
                0.0,
                0.0
            ],
            "Lradiance": [
                1.0,
                1.0,
                1.0
            ],
            "Position": [
                -4.690999984741211,
                0.29634740948677065,
                10.907142639160157,
                1.0
            ],
            "shadowmin": 0.0,
            "shadowdepthbias": 0.000009999999747378752,
            "ShadowMapSize": 1024.0,
            "Type": "Point"
        },
        {
            "sinAngularRadius": 0.004625000059604645,
            "cosAngularRadius": 0.9999889731407166,
            "specularPower": 80.0,
            "lightIlluminance": 1.5,
            "lightFlux": 0.10000000149011612,
            "Color": [
                1.0,
                0.97113436460495,
                0.3938223719596863,
                1.0
            ],
            "Near": 0.009999999776482582,
            "Far": 3.0,
            "Projparams": [
                0.0,
                0.0,
                0.009999999776482582,
                3.0
            ],
            "PointRadius": 3.0,
            "Direction": [
                0.0,
                0.0,
                0.0
            ],
            "Lradiance": [
                1.0,
                1.0,
                1.0
            ],
            "Position": [
                -2.7136683464050295,
                0.1502104550600052,
                10.706525802612305,
                1.0
            ],
            "shadowmin": 0.0,
            "shadowdepthbias": 0.000009999999747378752,
            "ShadowMapSize": 1024.0,
            "Type": "Point"
        }
    ]
}